{
  "input": "outputs/tfidf_dev_rank.tsv",
  "mode": "tfidf",
  "k_list": [
    5,
    10
  ],
  "metrics": {
    "Hit@5": 0.47147036307961504,
    "nDCG@5": 0.2837232956380757,
    "Hit@10": 0.6533519247594051,
    "nDCG@10": 0.3429819084389497,
    "MRR": 0.3062167814054287
  }
}