{
  "input": "outputs/late_fusion_dev_rank.tsv",
  "mode": "late_fusion",
  "k_list": [
    5,
    10
  ],
  "metrics": {
    "Hit@5": 0.5261510279965005,
    "nDCG@5": 0.31678681437284095,
    "Hit@10": 0.7075814741907261,
    "nDCG@10": 0.37831447896126197,
    "MRR": 0.3333912010363747
  }
}