{
  "input": "outputs/bert_dev_rank.tsv",
  "mode": "bert",
  "k_list": [
    5,
    10
  ],
  "metrics": {
    "Hit@5": 0.5438812335958005,
    "nDCG@5": 0.33443501815333315,
    "Hit@10": 0.7185449475065617,
    "nDCG@10": 0.39398242664955224,
    "MRR": 0.3514324937952476
  }
}