{
  "input": "outputs/sfidf_plus_dev_rank.tsv",
  "mode": "sfidf_plus",
  "k_list": [
    5,
    10
  ],
  "metrics": {
    "Hit@5": 0.46914643482064744,
    "nDCG@5": 0.2791202506997637,
    "Hit@10": 0.6535706474190727,
    "nDCG@10": 0.3396538080857322,
    "MRR": 0.30104129442988714
  }
}