{
  "input": "outputs/sfidf_dev_rank.tsv",
  "mode": "sfidf",
  "k_list": [
    5,
    10
  ],
  "metrics": {
    "Hit@5": 0.4658109142607174,
    "nDCG@5": 0.27849122355585476,
    "Hit@10": 0.6506042213473315,
    "nDCG@10": 0.33914190089820057,
    "MRR": 0.30306162935970765
  }
}